path	bytes	mtime_iso	sha256	mime
.github/workflows/deploy-admin.yml	880	2026-02-24T21:27:31.031Z	607cd9c6a0812fac28a1bd31fe1dd1e98aada2ab6db175c1e89ee2a30fa86547	text/yaml
.github/workflows/deploy-api-worker.yml	702	2026-02-24T21:27:31.031Z	2cab7d7c717662021ab100d72d218ebdc722115d94f8e86299594ca1fac94d3a	text/yaml
.github/workflows/deploy-gateway.yml	704	2026-02-24T21:27:31.031Z	1eedb3cb3387a66b59a71660db3527998c3596ec9a5eb9a561484f35418341c0	text/yaml
.github/workflows/deploy-web.yml	870	2026-02-24T21:27:31.031Z	04a779e84ea0f4b43ff7cf3da0dfbcd2d5cad876971b10d9cf383e92ede0abdd	text/yaml
apps/admin/astro.config.mjs	439	2026-02-24T21:27:31.031Z	1df9a656e808f7db86a19b4be5d946deffc8607d188369a0fee19259685ccb75	text/javascript
apps/admin/package.json	237	2026-02-24T21:27:31.031Z	4ba521f531027107a28995c632ed0c4e43efaae21d37078cae1b74f2f8ca1c24	application/json
apps/admin/src/env.d.ts	45	2026-02-24T21:27:31.031Z	cc719d1ef0609cd73ab9d19df5df62df8a3f84bed76b9e6b0ae1f669c67a1ff8	text/typescript
apps/admin/src/pages/index.astro	179	2026-02-24T21:27:31.031Z	6f2a5b4b859888b6a2ab07da317f27a47502346b71ddd97882c1f342a36d5079	application/octet-stream
apps/api-worker/package.json	278	2026-02-24T21:27:31.031Z	cee7c1909e5c5807e9cb2f318168aa94c8e33fb75c404b861c27f19c0be2c90f	application/json
apps/api-worker/src/index.ts	2139	2026-02-24T21:27:31.031Z	7652e722a05b554dfec936885aceb2be7baf16d611374f940168c0d78660e69b	text/typescript
apps/api-worker/wrangler.toml	703	2026-02-24T21:27:31.031Z	188473f102ac8d5d7907e664c044819c8fc432a3edfbef3f3b8722337d91ec95	application/toml
apps/gateway/package.json	236	2026-02-24T21:27:31.031Z	7931722f1709af782cb3bf75e157fa748721219b8a961a3531cecbe907d22a77	application/json
apps/gateway/src/index.ts	150	2026-02-24T21:27:31.031Z	1e8f837014d274b94918046664bac7fe95a0b03acc0fe81f9e5183ddbd39a62c	text/typescript
apps/gateway/wrangler.toml	392	2026-02-24T21:27:31.031Z	304a123ccdd93d492f9a1eb62250f8009fa17d19ffc193f7dcecc3e3fcea1210	application/toml
apps/web/astro.config.mjs	439	2026-02-24T21:27:31.031Z	7f7bf07b1dc8abbf40f418d5ceec605a5a7cfd6f51f1f5fb69b19fe34a180e71	text/javascript
apps/web/package.json	235	2026-02-24T21:27:31.031Z	fa2b97e09577b4da6874f56a4bc504f454ec5eb132230e0b3d2dffb1f2f2484b	application/json
apps/web/src/env.d.ts	45	2026-02-24T21:27:31.031Z	cc719d1ef0609cd73ab9d19df5df62df8a3f84bed76b9e6b0ae1f669c67a1ff8	text/typescript
apps/web/src/pages/contact.astro	1395	2026-02-24T21:27:31.031Z	059ca1dc096d4a77237e509cd5489b9f2891b6c4b06d51cca025650d1cc4af85	application/octet-stream
apps/web/src/pages/index.astro	2016	2026-02-24T21:27:31.031Z	9a1aa04b0bd3f2a507dd63d02f66b38b62367f6d2ec0c4a0f9e36d13495741f9	application/octet-stream
apps/web/src/styles/global.css	2298	2026-02-24T21:27:31.031Z	bf0115ac57865384d7cfeea9577fa2f8176c604c46cdec1789c4ef8513994a30	text/css
package.json	259	2026-02-24T21:27:31.031Z	d37b80a4d1a11a5a1274ab09918af94358e7c5c60d536e51018756edbf9d68e7	application/json
packages/schema/package.json	211	2026-02-24T21:27:31.031Z	667e43a2d8b58533c450a0aa59bfa42d75f8bd83698b7183dcdf4e4fbd7fe54f	application/json
packages/theme/tokens.css	107	2026-02-24T21:27:31.031Z	00954032539e5d2800022574fa1b2b657c53de64bb230b871b8c7cd07689cdb7	text/css
packages/ui/package.json	199	2026-02-24T21:27:31.031Z	0a7cda71bc369ecc4fb765bf5e6c3261920611054e481353c2114587e8735cb7	application/json
pnpm-lock.yaml	142668	2026-02-24T21:27:31.035Z	c8cb601635ffbf78546d41cb078b36f4dab9e8e590188793338ff55f2b874504	text/yaml
pnpm-workspace.yaml	40	2026-02-24T21:27:31.035Z	60ce4d1dbf137701a4683d171391c51662700c2f3e32a7caab8b2efc22540e65	text/yaml
tsconfig.json	187	2026-02-24T21:27:31.035Z	d9d4d22ee94759cc22e1f9640267d20fa6e1c8cdf19a0110d805cb2996b0e4b5	application/json
turbo.json	265	2026-02-24T21:27:31.035Z	9cd4dd797db907eb15bd4558f0d77460d40656b3ff986cc154d0a8b7e91eaa3d	application/json
